orderid,predict_roomid,prob
ORDER_13059111,ROOM_18475963,0.929211080074
ORDER_13041168,ROOM_22275155,0.607764422894
ORDER_13058583,ROOM_21118253,0.963390946388
ORDER_13139172,ROOM_23304955,0.963200867176
ORDER_13044205,ROOM_17048735,0.920823276043
ORDER_13053412,ROOM_29041093,0.935875952244
ORDER_13136709,ROOM_7759463,0.978996992111
ORDER_13062278,ROOM_24501515,0.883210062981
ORDER_13143916,ROOM_21214479,0.705825388432
ORDER_13061914,ROOM_16075993,0.847596526146
ORDER_13052555,ROOM_6793983,0.765584766865
ORDER_13062074,ROOM_30786063,0.745235919952
ORDER_13048499,ROOM_3528845,0.831785440445
ORDER_13040296,ROOM_16129833,0.968718469143
ORDER_13036326,ROOM_6138915,0.657391428947
ORDER_13148028,ROOM_8411645,0.798066914082
ORDER_13061857,ROOM_27768933,0.44580757618
ORDER_13062907,ROOM_20971255,0.429895788431
ORDER_13136783,ROOM_25401223,0.614727497101
ORDER_13038636,ROOM_23602913,0.973291516304
ORDER_13144133,ROOM_23487745,0.943922996521
ORDER_13133235,ROOM_33058463,0.95843309164
ORDER_13146708,ROOM_11041255,0.934846222401
ORDER_13055256,ROOM_3542663,0.427771687508
ORDER_13049224,ROOM_17858993,0.885036170483
ORDER_13056461,ROOM_19110773,0.93318092823
ORDER_13039728,ROOM_13843733,0.905582785606
ORDER_13056386,ROOM_34624273,0.598930001259
ORDER_13133333,ROOM_21788285,0.792862474918
ORDER_13050229,ROOM_29624543,0.931263685226
ORDER_13140332,ROOM_11567375,0.326222389936
ORDER_13052798,ROOM_26800113,0.527134537697
ORDER_13124386,ROOM_23346409,0.625724256039
ORDER_13029194,ROOM_2879785,0.84990298748
ORDER_13147116,ROOM_31354283,0.759021162987
ORDER_13147746,ROOM_23776075,0.951697587967
ORDER_13062607,ROOM_23660863,0.957396566868
ORDER_13146813,ROOM_27300133,0.663578927517
ORDER_13138277,ROOM_28520155,0.945067048073
ORDER_13061059,ROOM_20543003,0.969827771187
ORDER_13131927,ROOM_30255025,0.839926481247
ORDER_13035603,ROOM_3908133,0.817520797253
ORDER_13136415,ROOM_30152235,0.429784655571
ORDER_13044147,ROOM_6346833,0.689531385899
ORDER_13063011,ROOM_33529897,0.959323406219
ORDER_13057912,ROOM_32510543,0.942285478115
ORDER_13040997,ROOM_24347243,0.809412539005
ORDER_13127667,ROOM_32899277,0.676192104816
ORDER_13060179,ROOM_7317323,0.950343191624
ORDER_13040719,ROOM_12064263,0.614405572414
ORDER_13030557,ROOM_1558083,0.802699685097
ORDER_13061810,ROOM_18054545,0.903225183487
ORDER_13126936,ROOM_17169345,0.618221879005
ORDER_13147117,ROOM_26158633,0.76351159811
ORDER_13036252,ROOM_24865803,0.872163116932
ORDER_13042357,ROOM_18479853,0.515608489513
ORDER_13143250,ROOM_1867503,0.976066231728
ORDER_13038496,ROOM_34014163,0.937412798405
ORDER_13051258,ROOM_25670813,0.963959634304
ORDER_13135677,ROOM_17770335,0.924375712872
ORDER_13044675,ROOM_7857087,0.825633227825
ORDER_13124784,ROOM_27011385,0.866895496845
ORDER_13054127,ROOM_15160535,0.53732407093
ORDER_13124184,ROOM_25940925,0.941279351711
ORDER_13034582,ROOM_20380963,0.612144231796
ORDER_13141032,ROOM_22758673,0.715939700603
ORDER_13028754,ROOM_31291383,0.58600127697
ORDER_13034586,ROOM_23386925,0.9730514884
ORDER_13040543,ROOM_29681239,0.849536597729
ORDER_13048409,ROOM_6442803,0.260035961866
ORDER_13131085,ROOM_30784553,0.79738086462
ORDER_13142747,ROOM_23876693,0.87270128727
ORDER_13051349,ROOM_17255395,0.917203962803
ORDER_13054844,ROOM_25028167,0.898946166039
ORDER_13128540,ROOM_20485433,0.95495313406
ORDER_13127073,ROOM_21728553,0.839357554913
ORDER_13043592,ROOM_9790963,0.509366393089
ORDER_13037271,ROOM_22096113,0.88044822216
ORDER_13127608,ROOM_21535065,0.78835517168
ORDER_13061310,ROOM_29535683,0.897647917271
ORDER_13056356,ROOM_18002877,0.966441988945
ORDER_13028392,ROOM_21725837,0.792570352554
ORDER_13131752,ROOM_24670883,0.96856969595
ORDER_13132379,ROOM_18701283,0.88371694088
ORDER_13143139,ROOM_18790823,0.915659964085
ORDER_13059106,ROOM_6668583,0.826262056828
ORDER_13135350,ROOM_30669173,0.893504321575
ORDER_13030373,ROOM_21042833,0.636478066444
ORDER_13138545,ROOM_12519023,0.952480912209
ORDER_13137052,ROOM_18861263,0.891469240189
ORDER_13131223,ROOM_17025033,0.835334777832
ORDER_13048724,ROOM_34468503,0.952197849751
ORDER_13144423,ROOM_10723075,0.94093811512
ORDER_13134576,ROOM_30271373,0.783154428005
ORDER_13059923,ROOM_23916959,0.661612570286
ORDER_13029236,ROOM_18472703,0.680799424648
ORDER_13051732,ROOM_21138703,0.957615792751
ORDER_13058431,ROOM_29800453,0.95285731554
ORDER_13148818,ROOM_7653643,0.627533376217
ORDER_13126120,ROOM_27813883,0.533774673939
ORDER_13127289,ROOM_21009353,0.954339087009
ORDER_13040558,ROOM_24020085,0.940675973892
ORDER_13132799,ROOM_15220873,0.935864150524
ORDER_13054946,ROOM_32006103,0.936040818691
ORDER_13060788,ROOM_31001755,0.941005408764
ORDER_13129563,ROOM_7736765,0.818314135075
ORDER_13037019,ROOM_19342283,0.514901340008
ORDER_13054466,ROOM_14390855,0.811644077301
ORDER_13039063,ROOM_33958403,0.797385811806
ORDER_13037269,ROOM_21034873,0.880985498428
ORDER_13145298,ROOM_19874643,0.879410505295
ORDER_13131974,ROOM_21246693,0.0768279209733
ORDER_13032678,ROOM_33621655,0.963495910168
ORDER_13029084,ROOM_3131333,0.790523171425
ORDER_13055030,ROOM_5474803,0.721317529678
ORDER_13041523,ROOM_24644685,0.896655619144
ORDER_13036465,ROOM_9546615,0.915093183517
ORDER_13048878,ROOM_20646645,0.78885102272
ORDER_13046588,ROOM_7201535,0.907970011234
ORDER_13040944,ROOM_28630493,0.942651569843
ORDER_13040329,ROOM_26204873,0.657256305218
ORDER_13148504,ROOM_30974225,0.662469565868
ORDER_13029725,ROOM_740837,0.924540996552
ORDER_13146878,ROOM_13614585,0.974177241325
ORDER_13051026,ROOM_2397405,0.67848700285
ORDER_13143576,ROOM_24188463,0.965702295303
ORDER_13129966,ROOM_23105233,0.716064095497
ORDER_13145194,ROOM_11546813,0.764458656311
ORDER_13051375,ROOM_29916833,0.473362803459
ORDER_13143016,ROOM_19558583,0.963776469231
ORDER_13144949,ROOM_19213323,0.807015240192
ORDER_13061241,ROOM_18200167,0.944610059261
ORDER_13046007,ROOM_18553325,0.965899348259
ORDER_13142488,ROOM_3105703,0.676788628101
ORDER_13126897,ROOM_5440553,0.961993157864
ORDER_13124098,ROOM_27659663,0.967224776745
ORDER_13128065,ROOM_25399225,0.624166667461
ORDER_13140461,ROOM_9466143,0.982370853424
ORDER_13147535,ROOM_19215923,0.558986485004
ORDER_13032546,ROOM_12965493,0.978294014931
ORDER_13060781,ROOM_28212743,0.334158182144
ORDER_13040400,ROOM_27895355,0.966542541981
ORDER_13142406,ROOM_27156183,0.746989905834
ORDER_13057474,ROOM_4754543,0.964819312096
ORDER_13141692,ROOM_25185995,0.974213659763
ORDER_13048351,ROOM_5061203,0.943432986736
ORDER_13130191,ROOM_1686685,0.882617235184
ORDER_13029990,ROOM_29750883,0.97337770462
ORDER_13059875,ROOM_18594203,0.970980584621
ORDER_13032941,ROOM_17394303,0.913970828056
ORDER_13131506,ROOM_1142145,0.917468011379
ORDER_13043231,ROOM_34528343,0.752010345459
ORDER_13124429,ROOM_5469833,0.828327894211
ORDER_13043235,ROOM_27033993,0.953651309013
ORDER_13061582,ROOM_10447153,0.945003807545
ORDER_13132660,ROOM_30543533,0.957263886929
ORDER_13029711,ROOM_24800733,0.744992494583
ORDER_13051919,ROOM_25879095,0.769054353237
ORDER_13047615,ROOM_24654213,0.936293780804
ORDER_13146098,ROOM_18596313,0.968363761902
ORDER_13060612,ROOM_12270673,0.918662548065
ORDER_13033368,ROOM_31694475,0.819057881832
ORDER_13042703,ROOM_29128103,0.795149207115
ORDER_13147142,ROOM_4777293,0.930463135242
ORDER_13039314,ROOM_31083773,0.574984908104
ORDER_13147140,ROOM_10596453,0.656815588474
ORDER_13049913,ROOM_14025165,0.950571477413
ORDER_13036879,ROOM_23865273,0.953686594963
ORDER_13045638,ROOM_21300473,0.55899220705
ORDER_13143391,ROOM_17411353,0.679836928844
ORDER_13129211,ROOM_3519393,0.937623202801
ORDER_13032862,ROOM_21935273,0.922058939934
ORDER_13049519,ROOM_16800235,0.901493906975
ORDER_13054781,ROOM_24802757,0.957253992558
ORDER_13125344,ROOM_22105765,0.863424122334
ORDER_13148835,ROOM_30457463,0.955476820469
ORDER_13142793,ROOM_4047023,0.961335837841
ORDER_13033241,ROOM_7793143,0.938497304916
ORDER_13047629,ROOM_17779535,0.967326283455
ORDER_13047352,ROOM_21056893,0.978081822395
ORDER_13035543,ROOM_23182573,0.924138665199
ORDER_13061102,ROOM_6394273,0.941805422306
ORDER_13149515,ROOM_20737003,0.83905673027
ORDER_13142410,ROOM_14337463,0.893737077713
ORDER_13146314,ROOM_23568723,0.971832454205
ORDER_13054762,ROOM_32128743,0.566739857197
ORDER_13051417,ROOM_22335983,0.83472687006
ORDER_13060920,ROOM_3909173,0.965012311935
ORDER_13046033,ROOM_29020073,0.912667691708
ORDER_13134073,ROOM_18584055,0.554763793945
ORDER_13141781,ROOM_24347255,0.73747831583
ORDER_13149078,ROOM_26629883,0.263933926821
ORDER_13052489,ROOM_28632003,0.890518605709
ORDER_13032200,ROOM_17128313,0.959243655205
ORDER_13057725,ROOM_20242585,0.966766178608
ORDER_13054606,ROOM_21281313,0.961448013783
ORDER_13127555,ROOM_17623243,0.741442918777
ORDER_13148360,ROOM_13744283,0.972438693047
ORDER_13063114,ROOM_260055,0.898392617702
ORDER_13128355,ROOM_13595393,0.951954424381
ORDER_13047113,ROOM_29272203,0.885870397091
ORDER_13051649,ROOM_3717515,0.822021067142
ORDER_13038234,ROOM_14749673,0.971063733101
ORDER_13054837,ROOM_6451645,0.948246121407
ORDER_13029458,ROOM_15233693,0.984195590019
ORDER_13144617,ROOM_23882695,0.811798512936
ORDER_13060653,ROOM_5043167,0.371808618307
ORDER_13137304,ROOM_1616103,0.986269056797
ORDER_13036517,ROOM_16601963,0.896948993206
ORDER_13137785,ROOM_23837363,0.935766935349
ORDER_13037040,ROOM_24751143,0.918389499187
ORDER_13046639,ROOM_34289053,0.2274774611
ORDER_13136892,ROOM_9776213,0.776047110558
ORDER_13139108,ROOM_19899363,0.854839742184
ORDER_13030798,ROOM_6058713,0.95074814558
ORDER_13048884,ROOM_6360763,0.945863604546
ORDER_13055887,ROOM_32184895,0.980514347553
ORDER_13140403,ROOM_10196703,0.859057307243
ORDER_13054275,ROOM_15150175,0.812941133976
ORDER_13043831,ROOM_3546193,0.973372936249
ORDER_13063566,ROOM_18908843,0.913926422596
ORDER_13050226,ROOM_7074073,0.602141261101
ORDER_13053705,ROOM_33355345,0.879018843174
ORDER_13146064,ROOM_3482343,0.686527311802
ORDER_13061519,ROOM_13350873,0.711824655533
ORDER_13054677,ROOM_18695583,0.968773663044
ORDER_13128103,ROOM_5365703,0.644637048244
ORDER_13038205,ROOM_20671003,0.959730923176
ORDER_13037825,ROOM_28109723,0.945479512215
ORDER_13045875,ROOM_7215513,0.938754498959
ORDER_13047326,ROOM_34452885,0.498297959566
ORDER_13129605,ROOM_31720683,0.821605205536
ORDER_13038894,ROOM_30593415,0.733313202858
ORDER_13034606,ROOM_21643195,0.851926386356
ORDER_13032586,ROOM_30185183,0.947040498257
ORDER_13124893,ROOM_29234523,0.979924559593
ORDER_13049241,ROOM_19658375,0.894338965416
ORDER_13055904,ROOM_17054563,0.86422508955
ORDER_13129198,ROOM_34239633,0.283099740744
ORDER_13057326,ROOM_19215235,0.662070810795
ORDER_13148411,ROOM_4831423,0.454732507467
ORDER_13138743,ROOM_20394363,0.973437011242
ORDER_13035323,ROOM_27844015,0.943023622036
ORDER_13059898,ROOM_20090805,0.972211360931
ORDER_13148245,ROOM_20585033,0.957245647907
ORDER_13034321,ROOM_8332085,0.640036940575
ORDER_13138745,ROOM_7666513,0.93694537878
ORDER_13061514,ROOM_31041243,0.777907371521
ORDER_13032296,ROOM_15020783,0.8664483428
ORDER_13036618,ROOM_30681143,0.982566475868
ORDER_13050928,ROOM_23819903,0.874365389347
ORDER_13125809,ROOM_19477433,0.972685813904
ORDER_13042412,ROOM_28694603,0.953550100327
ORDER_13134219,ROOM_8811973,0.935437202454
ORDER_13044915,ROOM_24227273,0.97305059433
ORDER_13043804,ROOM_8704543,0.7830529809
ORDER_13052974,ROOM_8542253,0.935168683529
ORDER_13038729,ROOM_27589347,0.958930373192
ORDER_13039437,ROOM_8305135,0.672523796558
ORDER_13148918,ROOM_16905123,0.563169777393
ORDER_13034374,ROOM_7099743,0.95477181673
ORDER_13050708,ROOM_32829343,0.52030056715
ORDER_13060957,ROOM_6264083,0.84546482563
ORDER_13030830,ROOM_21095077,0.798100352287
ORDER_13062044,ROOM_19578107,0.952008128166
ORDER_13041931,ROOM_21846423,0.922092854977
ORDER_13124158,ROOM_25102687,0.894601523876
ORDER_13135078,ROOM_27716613,0.917685389519
ORDER_13058970,ROOM_10579403,0.595725893974
ORDER_13049252,ROOM_20690565,0.950559556484
ORDER_13054425,ROOM_28274605,0.869301319122
ORDER_13040075,ROOM_26622593,0.948790967464
ORDER_13043418,ROOM_7842363,0.958417236805
ORDER_13031031,ROOM_24142913,0.973007619381
ORDER_13054627,ROOM_30253523,0.970542430878
ORDER_13035863,ROOM_16568463,0.673724114895
ORDER_13131414,ROOM_28154653,0.964775145054
ORDER_13131705,ROOM_21003797,0.94459426403
ORDER_13061096,ROOM_23447533,0.430517345667
ORDER_13057590,ROOM_1429403,0.961414933205
ORDER_13043490,ROOM_19749497,0.957529425621
ORDER_13124790,ROOM_14969593,0.973157167435
ORDER_13031130,ROOM_23926173,0.873673558235
ORDER_13029604,ROOM_15267233,0.390036970377
ORDER_13135159,ROOM_29069743,0.941132247448
ORDER_13049309,ROOM_8675043,0.669105947018
ORDER_13140934,ROOM_18412743,0.800982058048
ORDER_13036902,ROOM_28536895,0.756129920483
ORDER_13132753,ROOM_23128063,0.377973645926
ORDER_13125161,ROOM_32422003,0.742372572422
ORDER_13042675,ROOM_5851623,0.602092027664
ORDER_13038813,ROOM_18472703,0.959236204624
ORDER_13056931,ROOM_21913633,0.971322596073
ORDER_13059380,ROOM_31352003,0.958005428314
ORDER_13142204,ROOM_29258713,0.874213397503
ORDER_13059423,ROOM_21730723,0.854236721992
ORDER_13052508,ROOM_24861537,0.904746830463
ORDER_13145684,ROOM_27676033,0.567946076393
ORDER_13141018,ROOM_12614583,0.887803196907
ORDER_13142363,ROOM_33011413,0.96609801054
ORDER_13050696,ROOM_19007143,0.947737872601
ORDER_13046537,ROOM_20791835,0.958810150623
ORDER_13098828,ROOM_19268723,0.979338228703
