order_id,predict_roomid,probability
ORDER_13098828,ROOM_192690913,0.261018
ORDER_13028392,ROOM_217257711,0.261018
ORDER_13149515,ROOM_20736533,0.261018
ORDER_13028754,ROOM_31291095,0.261018
ORDER_13029084,ROOM_3131463,0.261018
ORDER_13029194,ROOM_2879599,0.261018
ORDER_13149078,ROOM_26629887,0.261018
ORDER_13029236,ROOM_18472437,0.261018
ORDER_13148918,ROOM_169051213,0.261018
ORDER_13148835,ROOM_304574313,0.261018
ORDER_13148818,ROOM_7653665,0.261018
ORDER_13029458,ROOM_15233843,0.261018
ORDER_13029604,ROOM_15267295,0.261018
ORDER_13029711,ROOM_247998435,0.261018
ORDER_13148504,ROOM_30974233,0.261018
ORDER_13029711,ROOM_24799645,0.261018
ORDER_13148411,ROOM_4832325,0.261018
ORDER_13029711,ROOM_24799873,0.261018
ORDER_13029725,ROOM_740893,0.261018
ORDER_13148360,ROOM_13744049,0.261018
ORDER_13029725,ROOM_740905,0.261018
ORDER_13148245,ROOM_20585083,0.261018
ORDER_13029990,ROOM_29750823,0.261018
ORDER_13148028,ROOM_84113011,0.261018
ORDER_13147746,ROOM_23774395,0.261018
ORDER_13030373,ROOM_21042497,0.261018
ORDER_13030557,ROOM_1558283,0.261018
ORDER_13147535,ROOM_19216683,0.261018
ORDER_13030798,ROOM_60586411,0.261018
ORDER_13030830,ROOM_210975417,0.261018
ORDER_13031031,ROOM_241427913,0.261018
ORDER_13147142,ROOM_47773517,0.261018
ORDER_13147140,ROOM_10596475,0.261018
ORDER_13147117,ROOM_261578313,0.261018
ORDER_13147116,ROOM_31354165,0.261018
ORDER_13031130,ROOM_239258719,0.261018
ORDER_13146878,ROOM_13614763,0.261018
ORDER_13146813,ROOM_273003615,0.261018
ORDER_13146708,ROOM_11041223,0.261018
ORDER_13032200,ROOM_17128469,0.261018
ORDER_13032296,ROOM_15020823,0.261018
ORDER_13032546,ROOM_12965503,0.261018
ORDER_13032586,ROOM_30185169,0.261018
ORDER_13146314,ROOM_23569219,0.261018
ORDER_13032678,ROOM_33621815,0.261018
ORDER_13032862,ROOM_21935745,0.261018
ORDER_13032941,ROOM_17394437,0.261018
ORDER_13146098,ROOM_18596459,0.261018
ORDER_13146064,ROOM_3482243,0.261018
ORDER_13033241,ROOM_7793283,0.261018
ORDER_13033368,ROOM_31694787,0.261018
ORDER_13145684,ROOM_27675943,0.261018
ORDER_13034321,ROOM_83325911,0.261018
ORDER_13034374,ROOM_7099635,0.261018
ORDER_13145298,ROOM_198739325,0.261018
ORDER_13145194,ROOM_11546775,0.261018
ORDER_13034582,ROOM_203809611,0.261018
ORDER_13034586,ROOM_233867217,0.261018
ORDER_13034606,ROOM_21646145,0.261018
ORDER_13144949,ROOM_19212995,0.261018
ORDER_13034606,ROOM_216444229,0.261018
ORDER_13144617,ROOM_23882985,0.261018
ORDER_13144423,ROOM_10723503,0.261018
ORDER_13035323,ROOM_27843955,0.261018
ORDER_13035543,ROOM_23182687,0.261018
ORDER_13144133,ROOM_234891015,0.261018
ORDER_13035543,ROOM_231830111,0.261018
ORDER_13035603,ROOM_39080117,0.261018
ORDER_13143916,ROOM_21213467,0.261018
ORDER_13035863,ROOM_165685711,0.261018
ORDER_13143576,ROOM_241892215,0.261018
ORDER_13036252,ROOM_24865949,0.261018
ORDER_13143391,ROOM_17411575,0.261018
ORDER_13036326,ROOM_61392111,0.261018
ORDER_13036465,ROOM_9546155,0.261018
ORDER_13036517,ROOM_16601995,0.261018
ORDER_13143250,ROOM_18677741,0.261018
ORDER_13036618,ROOM_306812311,0.261018
ORDER_13143139,ROOM_18794533,0.261018
ORDER_13143016,ROOM_195576011,0.261018
ORDER_13036879,ROOM_23865427,0.261018
ORDER_13036902,ROOM_28536903,0.261018
ORDER_13037019,ROOM_19343267,0.261018
ORDER_13037040,ROOM_24751389,0.261018
ORDER_13142793,ROOM_4046763,0.261018
ORDER_13142747,ROOM_23876165,0.261018
ORDER_13037269,ROOM_21034875,0.261018
ORDER_13037271,ROOM_220982313,0.261018
ORDER_13142488,ROOM_3105633,0.261018
ORDER_13142410,ROOM_14337483,0.261018
ORDER_13142406,ROOM_27157057,0.261018
ORDER_13037271,ROOM_220989645,0.261018
ORDER_13142363,ROOM_33011383,0.261018
ORDER_13037271,ROOM_22099585,0.261018
ORDER_13142204,ROOM_29258605,0.261018
ORDER_13037825,ROOM_28110233,0.261018
ORDER_13141781,ROOM_24348303,0.261018
ORDER_13141692,ROOM_251857613,0.261018
ORDER_13038205,ROOM_20671293,0.261018
ORDER_13038234,ROOM_147495815,0.261018
ORDER_13038496,ROOM_340139815,0.261018
ORDER_13038636,ROOM_23602833,0.261018
ORDER_13038729,ROOM_27589439,0.261018
ORDER_13038813,ROOM_18472437,0.261018
ORDER_13038894,ROOM_30593303,0.261018
ORDER_13141032,ROOM_227587411,0.261018
ORDER_13039063,ROOM_33958173,0.261018
ORDER_13141018,ROOM_12614715,0.261018
ORDER_13039314,ROOM_31083399,0.261018
ORDER_13140934,ROOM_184124315,0.261018
ORDER_13039314,ROOM_31083587,0.261018
ORDER_13039437,ROOM_8305043,0.261018
ORDER_13039728,ROOM_13843633,0.261018
ORDER_13140461,ROOM_94661711,0.261018
ORDER_13040075,ROOM_26622519,0.261018
ORDER_13140403,ROOM_10196617,0.261018
ORDER_13040075,ROOM_26622573,0.261018
ORDER_13140332,ROOM_11567369,0.261018
ORDER_13040296,ROOM_16129895,0.261018
ORDER_13040329,ROOM_26204987,0.261018
ORDER_13040400,ROOM_27895265,0.261018
ORDER_13040543,ROOM_29681323,0.261018
ORDER_13040558,ROOM_24020073,0.261018
ORDER_13040719,ROOM_12063685,0.261018
ORDER_13040944,ROOM_28630617,0.261018
ORDER_13040997,ROOM_24348603,0.261018
ORDER_13041168,ROOM_222762517,0.261018
ORDER_13041523,ROOM_24644763,0.261018
ORDER_13139172,ROOM_233051915,0.261018
ORDER_13139108,ROOM_198988813,0.261018
ORDER_13041931,ROOM_21847075,0.261018
ORDER_13042357,ROOM_184811221,0.261018
ORDER_13138745,ROOM_76665117,0.261018
ORDER_13138743,ROOM_203943519,0.261018
ORDER_13042357,ROOM_184839213,0.261018
ORDER_13042412,ROOM_28694793,0.261018
ORDER_13138545,ROOM_12519015,0.261018
ORDER_13042675,ROOM_5851663,0.261018
ORDER_13042703,ROOM_29128595,0.261018
ORDER_13138277,ROOM_28520155,0.261018
ORDER_13043231,ROOM_34528247,0.261018
ORDER_13043235,ROOM_27033923,0.261018
ORDER_13043418,ROOM_7842267,0.261018
ORDER_13043490,ROOM_197497517,0.261018
ORDER_13137785,ROOM_23837359,0.261018
ORDER_13043490,ROOM_197485011,0.261018
ORDER_13043592,ROOM_9791305,0.261018
ORDER_13043804,ROOM_8704543,0.261018
ORDER_13043831,ROOM_3546015,0.261018
ORDER_13137304,ROOM_1616125,0.261018
ORDER_13044147,ROOM_63468017,0.261018
ORDER_13044205,ROOM_17049483,0.261018
ORDER_13137052,ROOM_18861263,0.261018
ORDER_13044675,ROOM_78573011,0.261018
ORDER_13136892,ROOM_97760211,0.261018
ORDER_13044915,ROOM_24227315,0.261018
ORDER_13136783,ROOM_254013311,0.261018
ORDER_13136709,ROOM_7759463,0.261018
ORDER_13045638,ROOM_213003113,0.261018
ORDER_13045875,ROOM_72149011,0.261018
ORDER_13136415,ROOM_30152277,0.261018
ORDER_13046007,ROOM_185535027,0.261018
ORDER_13046033,ROOM_29020127,0.261018
ORDER_13046537,ROOM_20791843,0.261018
ORDER_13046588,ROOM_7201253,0.261018
ORDER_13046639,ROOM_34289063,0.261018
ORDER_13047113,ROOM_29272275,0.261018
ORDER_13135677,ROOM_17770455,0.261018
ORDER_13047326,ROOM_34452707,0.261018
ORDER_13047352,ROOM_210561415,0.261018
ORDER_13047615,ROOM_246540713,0.261018
ORDER_13047629,ROOM_17780585,0.261018
ORDER_13135350,ROOM_30669085,0.261018
ORDER_13048351,ROOM_50613617,0.261018
ORDER_13048409,ROOM_6442695,0.261018
ORDER_13135159,ROOM_29069815,0.261018
ORDER_13048409,ROOM_6442589,0.261018
ORDER_13135078,ROOM_27717123,0.261018
ORDER_13048499,ROOM_3528773,0.261018
ORDER_13048724,ROOM_34468477,0.261018
ORDER_13048878,ROOM_206469125,0.261018
ORDER_13048884,ROOM_6360865,0.261018
ORDER_13049224,ROOM_178590913,0.261018
ORDER_13049241,ROOM_196585211,0.261018
ORDER_13049252,ROOM_206899119,0.261018
ORDER_13134576,ROOM_30271377,0.261018
ORDER_13049309,ROOM_8675043,0.261018
ORDER_13049519,ROOM_168005113,0.261018
ORDER_13049913,ROOM_14025315,0.261018
ORDER_13134219,ROOM_8812099,0.261018
ORDER_13050226,ROOM_7073987,0.261018
ORDER_13050229,ROOM_29624583,0.261018
ORDER_13134073,ROOM_185870213,0.261018
ORDER_13050229,ROOM_29624593,0.261018
ORDER_13050696,ROOM_19007165,0.261018
ORDER_13050708,ROOM_328293713,0.261018
ORDER_13050928,ROOM_238202715,0.261018
ORDER_13051026,ROOM_2397373,0.261018
ORDER_13051258,ROOM_25670887,0.261018
ORDER_13051349,ROOM_17255495,0.261018
ORDER_13051375,ROOM_29916945,0.261018
ORDER_13051417,ROOM_22336933,0.261018
ORDER_13051649,ROOM_3717567,0.261018
ORDER_13133333,ROOM_217874815,0.261018
ORDER_13051732,ROOM_211376915,0.261018
ORDER_13133235,ROOM_33058163,0.261018
ORDER_13051732,ROOM_211380321,0.261018
ORDER_13051919,ROOM_258789015,0.261018
ORDER_13132799,ROOM_15220873,0.261018
ORDER_13052489,ROOM_28631953,0.261018
ORDER_13132753,ROOM_23127955,0.261018
ORDER_13052508,ROOM_248611615,0.261018
ORDER_13052555,ROOM_6793783,0.261018
ORDER_13132660,ROOM_30543657,0.261018
ORDER_13052798,ROOM_26800215,0.261018
ORDER_13132379,ROOM_187012711,0.261018
ORDER_13052974,ROOM_8542247,0.261018
ORDER_13131974,ROOM_21245905,0.261018
ORDER_13131927,ROOM_30254965,0.261018
ORDER_13131752,ROOM_246709411,0.261018
ORDER_13131705,ROOM_210027213,0.261018
ORDER_13053412,ROOM_29041107,0.261018
ORDER_13131506,ROOM_11421411,0.261018
ORDER_13131414,ROOM_28154705,0.261018
ORDER_13053705,ROOM_33355355,0.261018
ORDER_13131223,ROOM_17026077,0.261018
ORDER_13054127,ROOM_151604215,0.261018
ORDER_13131085,ROOM_30784487,0.261018
ORDER_13054275,ROOM_15150043,0.261018
ORDER_13054425,ROOM_28274633,0.261018
ORDER_13054466,ROOM_143908215,0.261018
ORDER_13054606,ROOM_21281505,0.261018
ORDER_13054627,ROOM_30253523,0.261018
ORDER_13054677,ROOM_18695023,0.261018
ORDER_13054762,ROOM_32128627,0.261018
ORDER_13054781,ROOM_24802889,0.261018
ORDER_13054837,ROOM_64519111,0.261018
ORDER_13054844,ROOM_25028397,0.261018
ORDER_13054946,ROOM_32006189,0.261018
ORDER_13055030,ROOM_5474827,0.261018
ORDER_13055256,ROOM_3542745,0.261018
ORDER_13130191,ROOM_1685329,0.261018
ORDER_13055887,ROOM_32184957,0.261018
ORDER_13055904,ROOM_17054745,0.261018
ORDER_13129966,ROOM_231052413,0.261018
ORDER_13056356,ROOM_18003083,0.261018
ORDER_13056386,ROOM_34624227,0.261018
ORDER_13056461,ROOM_19110365,0.261018
ORDER_13129605,ROOM_31720305,0.261018
ORDER_13056931,ROOM_219135719,0.261018
ORDER_13129563,ROOM_7736523,0.261018
ORDER_13057326,ROOM_192153235,0.261018
ORDER_13057474,ROOM_4754123,0.261018
ORDER_13129211,ROOM_3519717,0.261018
ORDER_13057474,ROOM_4754565,0.261018
ORDER_13129198,ROOM_34239625,0.261018
ORDER_13057590,ROOM_1429779,0.261018
ORDER_13057725,ROOM_20242505,0.261018
ORDER_13057912,ROOM_32510547,0.261018
ORDER_13058431,ROOM_298005011,0.261018
ORDER_13058583,ROOM_211180011,0.261018
ORDER_13058970,ROOM_10579363,0.261018
ORDER_13128540,ROOM_204858011,0.261018
ORDER_13059106,ROOM_66684211,0.261018
ORDER_13128355,ROOM_13595323,0.261018
ORDER_13059106,ROOM_66683315,0.261018
ORDER_13059111,ROOM_184786113,0.261018
ORDER_13059380,ROOM_31352127,0.261018
ORDER_13128103,ROOM_5365997,0.261018
ORDER_13128065,ROOM_253993315,0.261018
ORDER_13059423,ROOM_21730965,0.261018
ORDER_13127667,ROOM_32899423,0.261018
ORDER_13059875,ROOM_18594789,0.261018
ORDER_13127608,ROOM_215354517,0.261018
ORDER_13059875,ROOM_18594443,0.261018
ORDER_13127555,ROOM_17623185,0.261018
ORDER_13059875,ROOM_185937911,0.261018
ORDER_13059898,ROOM_20090825,0.261018
ORDER_13059923,ROOM_23916419,0.261018
ORDER_13127289,ROOM_21009135,0.261018
ORDER_13060179,ROOM_7317323,0.261018
ORDER_13127073,ROOM_21729093,0.261018
ORDER_13126936,ROOM_17169537,0.261018
ORDER_13126897,ROOM_5440365,0.261018
ORDER_13060612,ROOM_12270305,0.261018
ORDER_13060653,ROOM_5043959,0.261018
ORDER_13060781,ROOM_28212743,0.261018
ORDER_13060788,ROOM_310025711,0.261018
ORDER_13060920,ROOM_39093411,0.261018
ORDER_13126120,ROOM_27814065,0.261018
ORDER_13060920,ROOM_39092015,0.261018
ORDER_13060957,ROOM_6264415,0.261018
ORDER_13061059,ROOM_20546039,0.261018
ORDER_13125809,ROOM_194756019,0.261018
ORDER_13061059,ROOM_20542619,0.261018
ORDER_13061096,ROOM_23447533,0.261018
ORDER_13061102,ROOM_6394433,0.261018
ORDER_13061241,ROOM_18200297,0.261018
ORDER_13061310,ROOM_29535683,0.261018
ORDER_13061514,ROOM_31041193,0.261018
ORDER_13061519,ROOM_133508419,0.261018
ORDER_13061582,ROOM_10446985,0.261018
ORDER_13125344,ROOM_22109599,0.261018
ORDER_13125161,ROOM_32421735,0.261018
ORDER_13061810,ROOM_180543911,0.261018
ORDER_13061857,ROOM_27768975,0.261018
ORDER_13061914,ROOM_16075997,0.261018
ORDER_13124893,ROOM_29234675,0.261018
ORDER_13062044,ROOM_195770017,0.261018
ORDER_13062074,ROOM_30786063,0.261018
ORDER_13124790,ROOM_14969593,0.261018
ORDER_13124784,ROOM_27011585,0.261018
ORDER_13062278,ROOM_245012911,0.261018
ORDER_13124429,ROOM_5469873,0.261018
ORDER_13124386,ROOM_23346383,0.261018
ORDER_13062607,ROOM_23662983,0.261018
ORDER_13124184,ROOM_25940975,0.261018
ORDER_13098828,ROOM_192689313,0.261018
ORDER_13062907,ROOM_20970977,0.261018
ORDER_13124158,ROOM_251027317,0.261018
ORDER_13124098,ROOM_27659533,0.261018
ORDER_13063011,ROOM_33530025,0.261018
ORDER_13063114,ROOM_260023,0.261018
ORDER_13063566,ROOM_18908857,0.261018
