orderid,predict_roomid
ORDER_13098828,ROOM_19268723
ORDER_13028392,ROOM_21725837
ORDER_13149515,ROOM_20737003
ORDER_13028754,ROOM_31291963
ORDER_13029084,ROOM_3131333
ORDER_13029194,ROOM_28797811
ORDER_13149078,ROOM_26629887
ORDER_13029236,ROOM_184723411
ORDER_13148918,ROOM_169051315
ORDER_13148835,ROOM_30457463
ORDER_13148818,ROOM_7653673
ORDER_13029458,ROOM_15233693
ORDER_13029604,ROOM_15267233
ORDER_13029711,ROOM_24800167
ORDER_13148504,ROOM_30974225
ORDER_13148411,ROOM_48322911
ORDER_13029725,ROOM_740837
ORDER_13148360,ROOM_13744283
ORDER_13148245,ROOM_20585083
ORDER_13029990,ROOM_29750883
ORDER_13148028,ROOM_8411645
ORDER_13147746,ROOM_23776075
ORDER_13030373,ROOM_21042833
ORDER_13030557,ROOM_1558083
ORDER_13147535,ROOM_19216683
ORDER_13030798,ROOM_6058713
ORDER_13030830,ROOM_21095077
ORDER_13031031,ROOM_24142913
ORDER_13147142,ROOM_4777293
ORDER_13147140,ROOM_10596475
